{
    "good": [
        [
            139.46131883707898,
            19.947129982046672,
            40
        ]
    ],
    "bad": [
        [
            98.81957959507662,
            4.63221648342193,
            30
        ]
    ]
}