{
    "good": [
        [
            1.39461318837079,
            0.19947129982046674,
            40
        ]
    ],
    "bad": [
        [
            0.988195795950766,
            0.04632216483421931,
            30
        ]
    ]
}