{
    "good": [
        [
            1.39461318837079,
            0.19947129982046674,
            40
        ],
        [
            2.958725,
            8.486298645986658,
            40
        ],
        [
            0.159,
            0.8293299705183698,
            40
        ],
        [
            -0.07571249999999999,
            0.3460234646577454,
            40
        ]
    ],
    "bad": [
        [
            0.988195795950766,
            0.04632216483421931,
            30
        ],
        [
            2.282433333333333,
            5.640322347072806,
            30
        ],
        [
            0.10379999999999999,
            0.2668586891971105,
            30
        ],
        [
            0.08182,
            0.138841682982213,
            30
        ]
    ]
}